Condition,Time,N,mean,sd
"Control_Crr_plus",-200,24,-0.10504075139761,0.865376532077789
"Control_Crr_plus",-196,24,-0.119573377072811,0.836056530475616
"Control_Crr_plus",-192,24,-0.135746747255325,0.800031185150146
"Control_Crr_plus",-188,24,-0.153483435511589,0.758700311183929
"Control_Crr_plus",-184,24,-0.172666653990746,0.714257299900055
"Control_Crr_plus",-180,24,-0.193073138594627,0.66961133480072
"Control_Crr_plus",-176,24,-0.214372158050537,0.628312349319458
"Control_Crr_plus",-172,24,-0.236070230603218,0.594401657581329
"Control_Crr_plus",-168,24,-0.25746938586235,0.571988105773926
"Control_Crr_plus",-164,24,-0.277716130018234,0.564379274845123
"Control_Crr_plus",-160,24,-0.295841962099075,0.572931170463562
"Control_Crr_plus",-156,24,-0.310753732919693,0.59621649980545
"Control_Crr_plus",-152,24,-0.321306675672531,0.630143880844116
"Control_Crr_plus",-148,24,-0.32641875743866,0.66903680562973
"Control_Crr_plus",-144,24,-0.325105041265488,0.706670343875885
"Control_Crr_plus",-140,24,-0.316616058349609,0.737187743186951
"Control_Crr_plus",-136,24,-0.300531893968582,0.755635321140289
"Control_Crr_plus",-132,24,-0.276823759078979,0.758286714553833
"Control_Crr_plus",-128,24,-0.245883941650391,0.74306184053421
"Control_Crr_plus",-124,24,-0.208595097064972,0.709790587425232
"Control_Crr_plus",-120,24,-0.166304528713226,0.660685837268829
"Control_Crr_plus",-116,24,-0.120672196149826,0.601037919521332
"Control_Crr_plus",-112,24,-0.073661707341671,0.53996604681015
"Control_Crr_plus",-108,24,-0.0274333003908396,0.490771055221558
"Control_Crr_plus",-104,24,0.0158636979758739,0.468723267316818
"Control_Crr_plus",-100,24,0.0542973466217518,0.483322143554688
"Control_Crr_plus",-96,24,0.0862594842910767,0.530735015869141
"Control_Crr_plus",-92,24,0.110596269369125,0.597334861755371
"Control_Crr_plus",-88,24,0.126771509647369,0.668612897396088
"Control_Crr_plus",-84,24,0.134921103715897,0.733477234840393
"Control_Crr_plus",-80,24,0.135857254266739,0.784664988517761
"Control_Crr_plus",-76,24,0.131055876612663,0.818151295185089
"Control_Crr_plus",-72,24,0.122519679367542,0.832453668117523
"Control_Crr_plus",-68,24,0.112607829272747,0.828426837921143
"Control_Crr_plus",-64,24,0.103855781257153,0.808900952339172
"Control_Crr_plus",-60,24,0.0987605378031731,0.77829897403717
"Control_Crr_plus",-56,24,0.0995390042662621,0.742456793785095
"Control_Crr_plus",-52,24,0.107879936695099,0.707892656326294
"Control_Crr_plus",-48,24,0.124755382537842,0.680841505527496
"Control_Crr_plus",-44,24,0.150355145335197,0.666112542152405
"Control_Crr_plus",-40,24,0.18393349647522,0.665768265724182
"Control_Crr_plus",-36,24,0.223865583539009,0.678814291954041
"Control_Crr_plus",-32,24,0.26777395606041,0.702058613300323
"Control_Crr_plus",-28,24,0.312658876180649,0.731477558612823
"Control_Crr_plus",-24,24,0.355222702026367,0.763242542743683
"Control_Crr_plus",-20,24,0.392115920782089,0.794413685798645
"Control_Crr_plus",-16,24,0.420240253210068,0.822998285293579
"Control_Crr_plus",-12,24,0.437080770730972,0.847526729106903
"Control_Crr_plus",-8,24,0.44099435210228,0.866836369037628
"Control_Crr_plus",-4,24,0.431379079818726,0.879716455936432
"Control_Crr_plus",0,24,0.408784121274948,0.884815812110901
"Control_Crr_plus",4,24,0.374948114156723,0.880651772022247
"Control_Crr_plus",8,24,0.332691103219986,0.865903615951538
"Control_Crr_plus",12,24,0.285713404417038,0.839706540107727
"Control_Crr_plus",16,24,0.238231897354126,0.801978528499603
"Control_Crr_plus",20,24,0.194608330726624,0.753995537757874
"Control_Crr_plus",24,24,0.158938065171242,0.698795437812805
"Control_Crr_plus",28,24,0.13459724187851,0.641703426837921
"Control_Crr_plus",32,24,0.123841553926468,0.590473175048828
"Control_Crr_plus",36,24,0.127475053071976,0.554528951644897
"Control_Crr_plus",40,24,0.144626796245575,0.542243301868439
"Control_Crr_plus",44,24,0.172647640109062,0.556528270244598
"Control_Crr_plus",48,24,0.20720411837101,0.592852354049683
"Control_Crr_plus",52,24,0.242488384246826,0.641882002353668
"Control_Crr_plus",56,24,0.27157524228096,0.693857789039612
"Control_Crr_plus",60,24,0.286980956792831,0.741113483905792
"Control_Crr_plus",64,24,0.281225323677063,0.778885543346405
"Control_Crr_plus",68,24,0.247470438480377,0.805188298225403
"Control_Crr_plus",72,24,0.180210784077644,0.820438981056213
"Control_Crr_plus",76,24,0.0758084803819656,0.827166259288788
"Control_Crr_plus",80,24,-0.0670119300484657,0.82928478717804
"Control_Crr_plus",84,24,-0.246763423085213,0.831108331680298
"Control_Crr_plus",88,24,-0.459141999483109,0.836222171783447
"Control_Crr_plus",92,24,-0.697074115276337,0.846494793891907
"Control_Crr_plus",96,24,-0.950933218002319,0.861570000648499
"Control_Crr_plus",100,24,-1.20910036563873,0.879083514213562
"Control_Crr_plus",104,24,-1.45855581760406,0.89553439617157
"Control_Crr_plus",108,24,-1.68567895889282,0.907374441623688
"Control_Crr_plus",112,24,-1.87710237503052,0.911953449249268
"Control_Crr_plus",116,24,-2.02062344551086,0.908049583435059
"Control_Crr_plus",120,24,-2.10598373413086,0.896126687526703
"Control_Crr_plus",124,24,-2.1255738735199,0.878303825855255
"Control_Crr_plus",128,24,-2.07505202293396,0.857965171337128
"Control_Crr_plus",132,24,-1.95362460613251,0.83921480178833
"Control_Crr_plus",136,24,-1.76421022415161,0.825884640216827
"Control_Crr_plus",140,24,-1.51330387592316,0.820479214191437
"Control_Crr_plus",144,24,-1.21059799194336,0.823591113090515
"Control_Crr_plus",148,24,-0.86841207742691,0.833738148212433
"Control_Crr_plus",152,24,-0.501004815101624,0.847885966300964
"Control_Crr_plus",156,24,-0.123672641813755,0.86243349313736
"Control_Crr_plus",160,24,0.248168453574181,0.874037563800812
"Control_Crr_plus",164,24,0.599782288074493,0.880345582962036
"Control_Crr_plus",168,24,0.917993307113647,0.880394577980042
"Control_Crr_plus",172,24,1.19188976287842,0.874684631824493
"Control_Crr_plus",176,24,1.41335296630859,0.865272700786591
"Control_Crr_plus",180,24,1.57734405994415,0.855770230293274
"Control_Crr_plus",184,24,1.68193185329437,0.850934267044067
"Control_Crr_plus",188,24,1.72827088832855,0.855757474899292
"Control_Crr_plus",192,24,1.72031581401825,0.874281942844391
"Control_Crr_plus",196,24,1.66423463821411,0.908253371715546
"Control_Crr_plus",200,24,1.56787431240082,0.956385314464569
"Control_Crr_plus",204,24,1.44016551971436,1.0145788192749
"Control_Crr_plus",208,24,1.29036617279053,1.07684028148651
"Control_Crr_plus",212,24,1.12747550010681,1.13653707504272
"Control_Crr_plus",216,24,0.959708988666534,1.18727052211761
"Control_Crr_plus",220,24,0.794043958187103,1.22360992431641
"Control_Crr_plus",224,24,0.635969340801239,1.24169564247131
"Control_Crr_plus",228,24,0.489346593618393,1.23970854282379
"Control_Crr_plus",232,24,0.356392532587051,1.21833789348602
"Control_Crr_plus",236,24,0.237855195999146,1.18096232414246
"Control_Crr_plus",240,24,0.133271813392639,1.13405930995941
"Control_Crr_plus",244,24,0.0413117259740829,1.0870555639267
"Control_Crr_plus",248,24,-0.0398459769785404,1.0510847568512
"Control_Crr_plus",252,24,-0.112185262143612,1.03657102584839
"Control_Crr_plus",256,24,-0.177513942122459,1.0495228767395
"Control_Crr_plus",260,24,-0.237226024270058,1.0887793302536
"Control_Crr_plus",264,24,-0.2921042740345,1.14633584022522
"Control_Crr_plus",268,24,-0.342226982116699,1.21048402786255
"Control_Crr_plus",272,24,-0.387047499418259,1.26924538612366
"Control_Crr_plus",276,24,-0.425448030233383,1.31248593330383
"Control_Crr_plus",280,24,-0.455972760915756,1.33292210102081
"Control_Crr_plus",284,24,-0.477036505937576,1.32645976543427
"Control_Crr_plus",288,24,-0.487138509750366,1.29218208789825
"Control_Crr_plus",292,24,-0.485139936208725,1.23242139816284
"Control_Crr_plus",296,24,-0.470457434654236,1.15259420871735
"Control_Crr_plus",300,24,-0.443190604448318,1.06112885475159
"Control_Crr_plus",304,24,-0.404206603765488,0.969278872013092
"Control_Crr_plus",308,24,-0.355170249938965,0.890369832515717
"Control_Crr_plus",312,24,-0.298391819000244,0.837397336959839
"Control_Crr_plus",316,24,-0.236701786518097,0.818808734416962
"Control_Crr_plus",320,24,-0.173266127705574,0.834607303142548
"Control_Crr_plus",324,24,-0.111332915723324,0.876771152019501
"Control_Crr_plus",328,24,-0.0540136806666851,0.934157013893127
"Control_Crr_plus",332,24,-0.00398942874744534,0.997072577476501
"Control_Crr_plus",336,24,0.0366232767701149,1.05928444862366
"Control_Crr_plus",340,24,0.0663986504077911,1.11785912513733
"Control_Crr_plus",344,24,0.0847219005227089,1.17211294174194
"Control_Crr_plus",348,24,0.091770775616169,1.22251319885254
"Control_Crr_plus",352,24,0.0884413793683052,1.26933813095093
"Control_Crr_plus",356,24,0.0762259289622307,1.31194829940796
"Control_Crr_plus",360,24,0.057017982006073,1.34841072559357
"Control_Crr_plus",364,24,0.0328983031213284,1.37553608417511
"Control_Crr_plus",368,24,0.00596508895978332,1.38947200775146
"Control_Crr_plus",372,24,-0.0219102948904037,1.38632941246033
"Control_Crr_plus",376,24,-0.0491922795772552,1.36297476291656
"Control_Crr_plus",380,24,-0.0748259052634239,1.31777620315552
"Control_Crr_plus",384,24,-0.0983501970767975,1.25126099586487
"Control_Crr_plus",388,24,-0.119784586131573,1.1667286157608
"Control_Crr_plus",392,24,-0.139662861824036,1.07099163532257
"Control_Crr_plus",396,24,-0.158911153674126,0.975115418434143
"Control_Crr_plus",400,24,-0.178616881370544,0.894576370716095
"Control_Crr_plus",404,24,-0.199938580393791,0.847100257873535
"Control_Crr_plus",408,24,-0.223871365189552,0.845901072025299
"Control_Crr_plus",412,24,-0.251117438077927,0.89140123128891
"Control_Crr_plus",416,24,-0.281967371702194,0.97063934803009
"Control_Crr_plus",420,24,-0.316157609224319,1.06506311893463
"Control_Crr_plus",424,24,-0.352872997522354,1.15761840343475
"Control_Crr_plus",428,24,-0.390751570463181,1.235435962677
"Control_Crr_plus",432,24,-0.4279865026474,1.29006445407867
"Control_Crr_plus",436,24,-0.462418109178543,1.31706869602203
"Control_Crr_plus",440,24,-0.49172767996788,1.3157913684845
"Control_Crr_plus",444,24,-0.513615846633911,1.28917574882507
"Control_Crr_plus",448,24,-0.525955379009247,1.24355483055115
"Control_Crr_plus",452,24,-0.52702134847641,1.18845999240875
"Control_Crr_plus",456,24,-0.515617430210114,1.13568449020386
"Control_Crr_plus",460,24,-0.491146206855774,1.09721374511719
"Control_Crr_plus",464,24,-0.453691989183426,1.08201551437378
"Control_Crr_plus",468,24,-0.404012441635132,1.09271585941315
"Control_Crr_plus",472,24,-0.343538761138916,1.12462949752808
"Control_Crr_plus",476,24,-0.274198621511459,1.16787695884705
"Control_Crr_plus",480,24,-0.198311790823936,1.21121621131897
"Control_Crr_plus",484,24,-0.118469208478928,1.24487686157227
"Control_Crr_plus",488,24,-0.0373017303645611,1.26188123226166
"Control_Crr_plus",492,24,0.042604748159647,1.25864255428314
"Control_Crr_plus",496,24,0.118930868804455,1.23477673530579
"Control_Crr_plus",500,24,0.189755514264107,1.19265401363373
"Control_Crr_plus",504,24,0.253571569919586,1.13684165477753
"Control_Crr_plus",508,24,0.309379756450653,1.07341325283051
"Control_Crr_plus",512,24,0.356635421514511,1.00912415981293
"Control_Crr_plus",516,24,0.395206362009048,0.950414836406708
"Control_Crr_plus",520,24,0.425352543592453,0.90233588218689
"Control_Crr_plus",524,24,0.447555512189865,0.867636740207672
"Control_Crr_plus",528,24,0.462486147880554,0.846564114093781
"Control_Crr_plus",532,24,0.470855087041855,0.837521970272064
"Control_Crr_plus",536,24,0.473290473222733,0.838182330131531
"Control_Crr_plus",540,24,0.470316380262375,0.846349954605103
"Control_Crr_plus",544,24,0.462256282567978,0.860423564910889
"Control_Crr_plus",548,24,0.449282974004745,0.879324793815613
"Control_Crr_plus",552,24,0.431418687105179,0.901877224445343
"Control_Crr_plus",556,24,0.408526182174683,0.926359415054321
"Control_Crr_plus",560,24,0.380449652671814,0.950352847576141
"Control_Crr_plus",564,24,0.347066879272461,0.970893383026123
"Control_Crr_plus",568,24,0.308398932218552,0.984876275062561
"Control_Crr_plus",572,24,0.264669328927994,0.98964250087738
"Control_Crr_plus",576,24,0.216377660632133,0.983572423458099
"Control_Crr_plus",580,24,0.164319977164268,0.9665167927742
"Control_Crr_plus",584,24,0.109550692141056,0.940213680267334
"Control_Crr_plus",588,24,0.0534685552120209,0.908362925052643
"Control_Crr_plus",592,24,-0.00231191259808838,0.876551151275635
"Control_Crr_plus",596,24,-0.0560699440538883,0.85163676738739
"Control_Crr_plus",600,24,-0.106035597622395,0.840119421482086
"Control_Crr_plus",604,24,-0.150570929050446,0.846143901348114
"Control_Crr_plus",608,24,-0.188223123550415,0.869859516620636
"Control_Crr_plus",612,24,-0.217890679836273,0.907226741313934
"Control_Crr_plus",616,24,-0.238899290561676,0.95149689912796
"Control_Crr_plus",620,24,-0.251007884740829,0.995129823684692
"Control_Crr_plus",624,24,-0.254504293203354,1.03128278255463
"Control_Crr_plus",628,24,-0.250115066766739,1.05473339557648
"Control_Crr_plus",632,24,-0.239022955298424,1.06222987174988
"Control_Crr_plus",636,24,-0.222750782966614,1.05255663394928
"Control_Crr_plus",640,24,-0.203051149845123,1.02657699584961
"Control_Crr_plus",644,24,-0.181779399514198,0.987089097499847
"Control_Crr_plus",648,24,-0.160721704363823,0.938560009002686
"Control_Crr_plus",652,24,-0.14153690636158,0.886928796768188
"Control_Crr_plus",656,24,-0.125591203570366,0.838987767696381
"Control_Crr_plus",660,24,-0.113865040242672,0.801410138607025
"Control_Crr_plus",664,24,-0.10688740760088,0.7792848944664
"Control_Crr_plus",668,24,-0.104771710932255,0.774526178836823
"Control_Crr_plus",672,24,-0.107202671468258,0.785384833812714
"Control_Crr_plus",676,24,-0.113469578325748,0.807220816612244
"Control_Crr_plus",680,24,-0.122581623494625,0.834114670753479
"Control_Crr_plus",684,24,-0.13339863717556,0.86032909154892
"Control_Crr_plus",688,24,-0.144706234335899,0.881283104419708
"Control_Crr_plus",692,24,-0.155360966920853,0.893925368785858
"Control_Crr_plus",696,24,-0.164433851838112,0.896737396717072
"Control_Crr_plus",700,24,-0.171215176582336,0.889782309532166
"Control_Crr_plus",704,24,-0.175323486328125,0.874689936637878
"Control_Crr_plus",708,24,-0.176744475960732,0.854473769664764
"Control_Crr_plus",712,24,-0.175815582275391,0.833334505558014
"Control_Crr_plus",716,24,-0.173138663172722,0.815971612930298
"Control_Crr_plus",720,24,-0.16951747238636,0.806711912155151
"Control_Crr_plus",724,24,-0.165910825133324,0.808075964450836
"Control_Crr_plus",728,24,-0.163244307041168,0.819793403148651
"Control_Crr_plus",732,24,-0.16233067214489,0.838918149471283
"Control_Crr_plus",736,24,-0.163747057318687,0.860620021820068
"Control_Crr_plus",740,24,-0.167728528380394,0.879575848579407
"Control_Crr_plus",744,24,-0.174142882227898,0.891195595264435
"Control_Crr_plus",748,24,-0.182459279894829,0.892674624919891
"Control_Crr_plus",752,24,-0.19176310300827,0.883464753627777
"Control_Crr_plus",756,24,-0.200834214687347,0.865408003330231
"Control_Crr_plus",760,24,-0.208220139145851,0.84261828660965
"Control_Crr_plus",764,24,-0.21232758462429,0.820750832557678
"Control_Crr_plus",768,24,-0.211607336997986,0.805678248405457
"Control_Crr_plus",772,24,-0.204688981175423,0.801645457744598
"Control_Crr_plus",776,24,-0.190508648753166,0.809637486934662
"Control_Crr_plus",780,24,-0.168458893895149,0.827014327049255
"Control_Crr_plus",784,24,-0.138432949781418,0.848614811897278
"Control_Crr_plus",788,24,-0.100916035473347,0.868641316890717
"Control_Crr_plus",792,24,-0.0569387562572956,0.882348954677582
"Control_Crr_plus",796,24,-0.00804038066416979,0.887111127376556
"Control_L5_plus",-200,24,-0.155921295285225,0.865376472473145
"Control_L5_plus",-196,24,-0.177123621106148,0.836056470870972
"Control_L5_plus",-192,24,-0.195913955569267,0.800031185150146
"Control_L5_plus",-188,24,-0.21160252392292,0.758700370788574
"Control_L5_plus",-184,24,-0.223761394619942,0.71425724029541
"Control_L5_plus",-180,24,-0.232176139950752,0.66961133480072
"Control_L5_plus",-176,24,-0.236883163452148,0.628312468528748
"Control_L5_plus",-172,24,-0.23808741569519,0.594401657581329
"Control_L5_plus",-168,24,-0.236150339245796,0.571988165378571
"Control_L5_plus",-164,24,-0.231592521071434,0.564379274845123
"Control_L5_plus",-160,24,-0.224936917424202,0.572931170463562
"Control_L5_plus",-156,24,-0.216731488704681,0.59621649980545
"Control_L5_plus",-152,24,-0.207484841346741,0.630143880844116
"Control_L5_plus",-148,24,-0.197567865252495,0.66903680562973
"Control_L5_plus",-144,24,-0.187252923846245,0.706670343875885
"Control_L5_plus",-140,24,-0.176637157797813,0.737187683582306
"Control_L5_plus",-136,24,-0.16572742164135,0.755635321140289
"Control_L5_plus",-132,24,-0.154408857226372,0.758286774158478
"Control_L5_plus",-128,24,-0.142438843846321,0.74306184053421
"Control_L5_plus",-124,24,-0.129547268152237,0.709790587425232
"Control_L5_plus",-120,24,-0.115477524697781,0.660685837268829
"Control_L5_plus",-116,24,-0.100007928907871,0.601037919521332
"Control_L5_plus",-112,24,-0.0829683989286423,0.53996604681015
"Control_L5_plus",-108,24,-0.0643446370959282,0.490771055221558
"Control_L5_plus",-104,24,-0.0442561991512775,0.468723267316818
"Control_L5_plus",-100,24,-0.0228936076164246,0.48332217335701
"Control_L5_plus",-96,24,-0.000589385628700256,0.530735015869141
"Control_L5_plus",-92,24,0.0222293809056282,0.597334921360016
"Control_L5_plus",-88,24,0.0450896210968494,0.668612897396088
"Control_L5_plus",-84,24,0.0675460621714592,0.733477234840393
"Control_L5_plus",-80,24,0.0892365202307701,0.784664988517761
"Control_L5_plus",-76,24,0.109885327517986,0.818151235580444
"Control_L5_plus",-72,24,0.129353627562523,0.832453727722168
"Control_L5_plus",-68,24,0.147605523467064,0.828426897525787
"Control_L5_plus",-64,24,0.164751693606377,0.808900892734528
"Control_L5_plus",-60,24,0.180993959307671,0.778298914432526
"Control_L5_plus",-56,24,0.196550205349922,0.742456793785095
"Control_L5_plus",-52,24,0.211621627211571,0.707892596721649
"Control_L5_plus",-48,24,0.226283073425293,0.680841505527496
"Control_L5_plus",-44,24,0.240396901965141,0.666112542152405
"Control_L5_plus",-40,24,0.253620594739914,0.665768265724182
"Control_L5_plus",-36,24,0.265365481376648,0.678814291954041
"Control_L5_plus",-32,24,0.274732232093811,0.702058613300323
"Control_L5_plus",-28,24,0.280643790960312,0.731477499008179
"Control_L5_plus",-24,24,0.281884074211121,0.763242542743683
"Control_L5_plus",-20,24,0.277156382799149,0.794413626194
"Control_L5_plus",-16,24,0.265295833349228,0.822998285293579
"Control_L5_plus",-12,24,0.245381414890289,0.847526729106903
"Control_L5_plus",-8,24,0.216915130615234,0.866836249828339
"Control_L5_plus",-4,24,0.179945155978203,0.879716455936432
"Control_L5_plus",0,24,0.135117530822754,0.884815871715546
"Control_L5_plus",4,24,0.083769328892231,0.880651772022247
"Control_L5_plus",8,24,0.0279179289937019,0.865903615951538
"Control_L5_plus",12,24,-0.0298739355057478,0.839706540107727
"Control_L5_plus",16,24,-0.0865796506404877,0.801978528499603
"Control_L5_plus",20,24,-0.138923212885857,0.753995537757874
"Control_L5_plus",24,24,-0.183748945593834,0.69879549741745
"Control_L5_plus",28,24,-0.218224510550499,0.641703426837921
"Control_L5_plus",32,24,-0.240188598632813,0.590473175048828
"Control_L5_plus",36,24,-0.248518764972687,0.554528892040253
"Control_L5_plus",40,24,-0.243249490857124,0.542243301868439
"Control_L5_plus",44,24,-0.225766196846962,0.556528270244598
"Control_L5_plus",48,24,-0.198911294341087,0.592852354049683
"Control_L5_plus",52,24,-0.166830167174339,0.641882061958313
"Control_L5_plus",56,24,-0.13485948741436,0.693857789039612
"Control_L5_plus",60,24,-0.109189532697201,0.741113483905792
"Control_L5_plus",64,24,-0.0963747501373291,0.77888560295105
"Control_L5_plus",68,24,-0.102853834629059,0.805188298225403
"Control_L5_plus",72,24,-0.134389534592628,0.820438981056213
"Control_L5_plus",76,24,-0.19552880525589,0.827166259288788
"Control_L5_plus",80,24,-0.289066106081009,0.829284846782684
"Control_L5_plus",84,24,-0.415552169084549,0.831108331680298
"Control_L5_plus",88,24,-0.573029100894928,0.836222290992737
"Control_L5_plus",92,24,-0.756868779659271,0.846494793891907
"Control_L5_plus",96,24,-0.959744215011597,0.861570000648499
"Control_L5_plus",100,24,-1.17198669910431,0.879083454608917
"Control_L5_plus",104,24,-1.38199508190155,0.895534336566925
"Control_L5_plus",108,24,-1.57677590847015,0.907374382019043
"Control_L5_plus",112,24,-1.74278676509857,0.911953270435333
"Control_L5_plus",116,24,-1.8668018579483,0.908049583435059
"Control_L5_plus",120,24,-1.93678998947144,0.896126747131348
"Control_L5_plus",124,24,-1.9427250623703,0.878303945064545
"Control_L5_plus",128,24,-1.87743699550629,0.857965171337128
"Control_L5_plus",132,24,-1.73723065853119,0.839214682579041
"Control_L5_plus",136,24,-1.52223920822144,0.825884699821472
"Control_L5_plus",140,24,-1.23669719696045,0.820479214191437
"Control_L5_plus",144,24,-0.888817012310028,0.823591113090515
"Control_L5_plus",148,24,-0.490366697311401,0.833738207817078
"Control_L5_plus",152,24,-0.0561973042786121,0.847885966300964
"Control_L5_plus",156,24,0.396594256162643,0.862433433532715
"Control_L5_plus",160,24,0.849665462970734,0.874037504196167
"Control_L5_plus",164,24,1.28442895412445,0.880345582962036
"Control_L5_plus",168,24,1.68311274051666,0.880394637584686
"Control_L5_plus",172,24,2.02979779243469,0.874684512615204
"Control_L5_plus",176,24,2.31129479408264,0.865272700786591
"Control_L5_plus",180,24,2.51784086227417,0.855770170688629
"Control_L5_plus",184,24,2.64359712600708,0.850934326648712
"Control_L5_plus",188,24,2.68685531616211,0.855757653713226
"Control_L5_plus",192,24,2.64995074272156,0.874281942844391
"Control_L5_plus",196,24,2.53894543647766,0.90825343132019
"Control_L5_plus",200,24,2.36307311058044,0.956385314464569
"Control_L5_plus",204,24,2.13405203819275,1.0145788192749
"Control_L5_plus",208,24,1.86520338058472,1.07684028148651
"Control_L5_plus",212,24,1.57048308849335,1.13653695583344
"Control_L5_plus",216,24,1.26363885402679,1.18727052211761
"Control_L5_plus",220,24,0.957314193248749,1.22360992431641
"Control_L5_plus",224,24,0.662375450134277,1.2416957616806
"Control_L5_plus",228,24,0.387357324361801,1.23970854282379
"Control_L5_plus",232,24,0.138132229447365,1.21833789348602
"Control_L5_plus",236,24,-0.0820859149098396,1.18096232414246
"Control_L5_plus",240,24,-0.272733956575394,1.13405930995941
"Control_L5_plus",244,24,-0.435555934906006,1.0870555639267
"Control_L5_plus",248,24,-0.574064791202545,1.0510847568512
"Control_L5_plus",252,24,-0.693028271198273,1.03657114505768
"Control_L5_plus",256,24,-0.797809600830078,1.0495228767395
"Control_L5_plus",260,24,-0.893695116043091,1.08877944946289
"Control_L5_plus",264,24,-0.985352456569672,1.14633584022522
"Control_L5_plus",268,24,-1.07630407810211,1.21048414707184
"Control_L5_plus",272,24,-1.16861093044281,1.26924538612366
"Control_L5_plus",276,24,-1.26272189617157,1.31248605251312
"Control_L5_plus",280,24,-1.35740172863007,1.33292210102081
"Control_L5_plus",284,24,-1.44987237453461,1.32645988464355
"Control_L5_plus",288,24,-1.53615808486938,1.29218208789825
"Control_L5_plus",292,24,-1.61143624782562,1.23242139816284
"Control_L5_plus",296,24,-1.6704615354538,1.15259420871735
"Control_L5_plus",300,24,-1.70807492733002,1.06112885475159
"Control_L5_plus",304,24,-1.71975767612457,0.969278812408447
"Control_L5_plus",308,24,-1.70199203491211,0.890369892120361
"Control_L5_plus",312,24,-1.65253257751465,0.837397396564484
"Control_L5_plus",316,24,-1.57071197032928,0.818808734416962
"Control_L5_plus",320,24,-1.45750653743744,0.834607303142548
"Control_L5_plus",324,24,-1.31550335884094,0.876771211624146
"Control_L5_plus",328,24,-1.14873731136322,0.934157013893127
"Control_L5_plus",332,24,-0.962387561798096,0.997072517871857
"Control_L5_plus",336,24,-0.762497186660767,1.05928444862366
"Control_L5_plus",340,24,-0.555550873279572,1.11785912513733
"Control_L5_plus",344,24,-0.348070710897446,1.17211294174194
"Control_L5_plus",348,24,-0.14626470208168,1.22251319885254
"Control_L5_plus",352,24,0.0443343818187714,1.26933813095093
"Control_L5_plus",356,24,0.219094768166542,1.31194829940796
"Control_L5_plus",360,24,0.3744937479496,1.34841072559357
"Control_L5_plus",364,24,0.508221626281738,1.37553608417511
"Control_L5_plus",368,24,0.619124293327332,1.38947212696075
"Control_L5_plus",372,24,0.707138061523438,1.38632941246033
"Control_L5_plus",376,24,0.773200929164886,1.36297476291656
"Control_L5_plus",380,24,0.8189976811409,1.31777620315552
"Control_L5_plus",384,24,0.84669440984726,1.25126099586487
"Control_L5_plus",388,24,0.85872745513916,1.1667286157608
"Control_L5_plus",392,24,0.857641041278839,1.07099151611328
"Control_L5_plus",396,24,0.845827996730804,0.975115418434143
"Control_L5_plus",400,24,0.825351238250732,0.894576370716095
"Control_L5_plus",404,24,0.797989070415497,0.84710031747818
"Control_L5_plus",408,24,0.765043020248413,0.845901072025299
"Control_L5_plus",412,24,0.727435827255249,0.89140123128891
"Control_L5_plus",416,24,0.685730755329132,0.970639288425446
"Control_L5_plus",420,24,0.6401646733284,1.06506311893463
"Control_L5_plus",424,24,0.590851962566376,1.15761840343475
"Control_L5_plus",428,24,0.537785947322845,1.235435962677
"Control_L5_plus",432,24,0.480983138084412,1.29006433486938
"Control_L5_plus",436,24,0.420553594827652,1.31706869602203
"Control_L5_plus",440,24,0.356754332780838,1.31579148769379
"Control_L5_plus",444,24,0.290055990219116,1.28917574882507
"Control_L5_plus",448,24,0.2211082726717,1.24355471134186
"Control_L5_plus",452,24,0.150695785880089,1.18845987319946
"Control_L5_plus",456,24,0.0797944590449333,1.13568449020386
"Control_L5_plus",460,24,0.009500402957201,1.0972136259079
"Control_L5_plus",464,24,-0.0590807609260082,1.08201551437378
"Control_L5_plus",468,24,-0.124854423105717,1.09271585941315
"Control_L5_plus",472,24,-0.18675971031189,1.12462949752808
"Control_L5_plus",476,24,-0.243835687637329,1.16787683963776
"Control_L5_plus",480,24,-0.295258641242981,1.21121621131897
"Control_L5_plus",484,24,-0.340361565351486,1.24487674236298
"Control_L5_plus",488,24,-0.378592640161514,1.26188123226166
"Control_L5_plus",492,24,-0.40956512093544,1.25864255428314
"Control_L5_plus",496,24,-0.433055281639099,1.23477649688721
"Control_L5_plus",500,24,-0.448884010314941,1.19265401363373
"Control_L5_plus",504,24,-0.457023710012436,1.13684165477753
"Control_L5_plus",508,24,-0.457577615976334,1.07341313362122
"Control_L5_plus",512,24,-0.450716286897659,1.00912415981293
"Control_L5_plus",516,24,-0.436765938997269,0.950414836406708
"Control_L5_plus",520,24,-0.416210293769836,0.90233588218689
"Control_L5_plus",524,24,-0.389675587415695,0.867636680603027
"Control_L5_plus",528,24,-0.357894629240036,0.846564114093781
"Control_L5_plus",532,24,-0.321773856878281,0.837521970272064
"Control_L5_plus",536,24,-0.282391399145126,0.838182330131531
"Control_L5_plus",540,24,-0.240939632058144,0.846349954605103
"Control_L5_plus",544,24,-0.198787376284599,0.860423624515533
"Control_L5_plus",548,24,-0.157325744628906,0.879324853420258
"Control_L5_plus",552,24,-0.117935188114643,0.901877284049988
"Control_L5_plus",556,24,-0.0820038542151451,0.926359415054321
"Control_L5_plus",560,24,-0.0507303737103939,0.950352847576141
"Control_L5_plus",564,24,-0.0251077767461538,0.970893383026123
"Control_L5_plus",568,24,-0.00591382011771202,0.984876275062561
"Control_L5_plus",572,24,0.00640910817310214,0.989642441272736
"Control_L5_plus",576,24,0.0117576355114579,0.98357230424881
"Control_L5_plus",580,24,0.0103815197944641,0.9665167927742
"Control_L5_plus",584,24,0.00280245090834796,0.940213739871979
"Control_L5_plus",588,24,-0.0101378252729774,0.908362925052643
"Control_L5_plus",592,24,-0.0272943172603846,0.876551151275635
"Control_L5_plus",596,24,-0.0474179871380329,0.851636707782745
"Control_L5_plus",600,24,-0.0691734924912453,0.840119421482086
"Control_L5_plus",604,24,-0.0912201702594757,0.846143901348114
"Control_L5_plus",608,24,-0.112321794033051,0.869859516620636
"Control_L5_plus",612,24,-0.131425991654396,0.907226741313934
"Control_L5_plus",616,24,-0.14772193133831,0.95149689912796
"Control_L5_plus",620,24,-0.160686358809471,0.995129942893982
"Control_L5_plus",624,24,-0.170107379555702,1.03128266334534
"Control_L5_plus",628,24,-0.176048561930656,1.05473339557648
"Control_L5_plus",632,24,-0.178882837295532,1.06222999095917
"Control_L5_plus",636,24,-0.179176688194275,1.05255663394928
"Control_L5_plus",640,24,-0.177614688873291,1.02657699584961
"Control_L5_plus",644,24,-0.174999237060547,0.987089037895203
"Control_L5_plus",648,24,-0.172078132629395,0.938560009002686
"Control_L5_plus",652,24,-0.169522747397423,0.886928796768188
"Control_L5_plus",656,24,-0.167870804667473,0.83898788690567
"Control_L5_plus",660,24,-0.167440995573998,0.801410138607025
"Control_L5_plus",664,24,-0.168299213051796,0.779284954071045
"Control_L5_plus",668,24,-0.17022792994976,0.774526178836823
"Control_L5_plus",672,24,-0.172794818878174,0.785384833812714
"Control_L5_plus",676,24,-0.175400242209435,0.807220816612244
"Control_L5_plus",680,24,-0.17732198536396,0.834114670753479
"Control_L5_plus",684,24,-0.177738174796104,0.86032909154892
"Control_L5_plus",688,24,-0.175833448767662,0.881283104419708
"Control_L5_plus",692,24,-0.170920118689537,0.893925368785858
"Control_L5_plus",696,24,-0.162423893809319,0.896737337112427
"Control_L5_plus",700,24,-0.149937435984612,0.88978236913681
"Control_L5_plus",704,24,-0.133333161473274,0.874689936637878
"Control_L5_plus",708,24,-0.112791359424591,0.85447371006012
"Control_L5_plus",712,24,-0.088701419532299,0.833334565162659
"Control_L5_plus",716,24,-0.0617286078631878,0.815971612930298
"Control_L5_plus",720,24,-0.0327759273350239,0.806711912155151
"Control_L5_plus",724,24,-0.00279397773556411,0.808076024055481
"Control_L5_plus",728,24,0.0271302163600922,0.819793403148651
"Control_L5_plus",732,24,0.0558512024581432,0.838918149471283
"Control_L5_plus",736,24,0.0823610201478004,0.860619962215424
"Control_L5_plus",740,24,0.105748437345028,0.879575848579407
"Control_L5_plus",744,24,0.125254586338997,0.89119565486908
"Control_L5_plus",748,24,0.140339240431786,0.892674624919891
"Control_L5_plus",752,24,0.150685533881187,0.883464813232422
"Control_L5_plus",756,24,0.156203076243401,0.865408003330231
"Control_L5_plus",760,24,0.157039180397987,0.84261828660965
"Control_L5_plus",764,24,0.153500273823738,0.820750892162323
"Control_L5_plus",768,24,0.146018385887146,0.805678308010101
"Control_L5_plus",772,24,0.135160073637962,0.801645457744598
"Control_L5_plus",776,24,0.121519707143307,0.809637486934662
"Control_L5_plus",780,24,0.105653174221516,0.8270143866539
"Control_L5_plus",784,24,0.0880862101912498,0.848614811897278
"Control_L5_plus",788,24,0.069279246032238,0.868641257286072
"Control_L5_plus",792,24,0.0495773367583752,0.882348954677582
"Control_L5_plus",796,24,0.029195761308074,0.887111127376556
